{
  "id": "tales-of-arcana-races",
  "title": "Tales of Arcana - Races Compendium",
  "description": "A comprehensive compendium of 222 D&D 5e races from the Tales of Arcana Race Guide, ready to use in your campaigns.",
  "authors": [
    {
      "name": "Tales of Arcana"
    }
  ],
  "version": "1.0.0",
  "compatibility": {
    "minimum": "12",
    "verified": "13"
  },
  "systems": ["dnd5e"],
  "url": "https://github.com/planechase1520/Foundry5e",
  "manifest": "https://raw.githubusercontent.com/planechase1520/Foundry5e/main/modules/tales-of-arcana-races/module.json",
  "download": "https://github.com/planechase1520/Foundry5e/releases/download/v1.0.0/tales-of-arcana-races.zip",
  "license": "CC0",
  "readme": "README.md",
  "changelog": "CHANGELOG.md",
  "packs": [
    {
      "name": "races",
      "label": "Tales of Arcana Races",
      "path": "packs/races.db",
      "type": "Actor",
      "system": "dnd5e"
    }
  ],
  "languages": [
    {
      "lang": "en",
      "name": "English",
      "path": "lang/en.json"
    }
  ]
}
